"accountId";"2000000000"
"bankId";"2010"
"currency";"CZK"
"iban";"CZ7920100000002000000000"
"bic";"FIOBCZPPXXX"
"openingBalance";"10000,00"
"closingBalance";"11300,00"
"dateStart";"25.09.2026"
"dateEnd";"25.09.2026"
"idFrom";"26962199069"
"idTo";"26962199071"

"ID pohybu";"Datum";"Objem";"Měna";"Protiúčet";"Název protiúčtu";"Kód banky";"Název banky";"KS";"VS";"SS";"Uživatelská identifikace";"Zpráva pro příjemce";"Typ";"Provedl";"Upřesnění";"Komentář";"BIC";"ID pokynu"
"26962199069";"25.09.2026";"1500,00";"CZK";"2900233333";"Novák; Jan";"2010";"Fio banka, a.s.";"";"0000100001";"";"Platba";"Objednávka ""100001""";"Příjem převodem uvnitř banky";"";"";"";"";""
"26962199070";"25.09.2026";"-200,00";"CZK";"123456789";"Dodavatel";"0100";"Komerční banka";"";"";"";"";"";"Platba převodem";"";"";"";"";"1234"
"26962199071";"25.09.2026";"100,00";"CZK";"";"";"";"";"";"";"";"";"Vklad";"Vklad pokladnou";"";"";"";"";""
